[{"id":1,"Author Name":"Jeramie Beaulieu","Book Name":"Cut-Throats Nine (Condenados a vivir)","Pages":235,"Published Year":2006},
  {"id":2,"Author Name":"Debora Bourley","Book Name":"Dust Devil","Pages":79,"Published Year":2012},
  {"id":3,"Author Name":"El Eccleston","Book Name":"Crimson Wing: Mystery of the Flamingos, The","Pages":245,"Published Year":1997},
  {"id":4,"Author Name":"Trudey Quilleash","Book Name":"Brothers Grimm, The","Pages":5,"Published Year":2002},
  {"id":5,"Author Name":"Luca Cattemull","Book Name":"Freud: The Secret Passion","Pages":55,"Published Year":2001},
  {"id":6,"Author Name":"Chicky Grishagin","Book Name":"Super 8","Pages":14,"Published Year":2009},
  {"id":7,"Author Name":"Sam Rany","Book Name":"Interstella 5555: The 5tory of the 5ecret 5tar 5ystem","Pages":290,"Published Year":2010},
  {"id":8,"Author Name":"Barclay Boyda","Book Name":"30 Days of Night","Pages":28,"Published Year":2011},
  {"id":9,"Author Name":"Gisele Caughey","Book Name":"Chamber, The","Pages":213,"Published Year":2011},
  {"id":10,"Author Name":"Dorris Iles","Book Name":"Dragon Ball: The Curse Of The Blood Rubies (Doragon bôru: Shenron no densetsu)","Pages":127,"Published Year":1998},
  {"id":11,"Author Name":"Noni Wilshaw","Book Name":"Touchy Feely","Pages":206,"Published Year":2004},
  {"id":12,"Author Name":"Dennison Tran","Book Name":"Mafioso","Pages":149,"Published Year":1985},
  {"id":13,"Author Name":"Patton Rigge","Book Name":"Rookie of the Year","Pages":291,"Published Year":1998},
  {"id":14,"Author Name":"Ozzy Poppleton","Book Name":"Chronicle of the Years of Fire (Chronique des années de braise)","Pages":267,"Published Year":2010},
  {"id":15,"Author Name":"Jillane Blees","Book Name":"Sonic Outlaws","Pages":261,"Published Year":2008},
  {"id":16,"Author Name":"Perry McWhin","Book Name":"Champagne","Pages":64,"Published Year":1992},
  {"id":17,"Author Name":"Ravi O'Hdirscoll","Book Name":"Heidi","Pages":36,"Published Year":2012},
  {"id":18,"Author Name":"Modesty Laborde","Book Name":"Blue Is the Warmest Color (La vie d'Adèle)","Pages":142,"Published Year":2003},
  {"id":19,"Author Name":"Renault Bosson","Book Name":"Rosa Luxemburg","Pages":184,"Published Year":1996},
  {"id":20,"Author Name":"Jesse Fullstone","Book Name":"Wanda","Pages":75,"Published Year":2001},
  {"id":21,"Author Name":"Selby Valerio","Book Name":"Shaolin Temple 2: Kids from Shaolin (Shao Lin xiao zi) (Kids from Shaolin)","Pages":86,"Published Year":1985},
  {"id":22,"Author Name":"Jarred Fuentes","Book Name":"The Stone Council","Pages":94,"Published Year":2002},
  {"id":23,"Author Name":"Sande Habert","Book Name":"Scratch","Pages":3,"Published Year":1993},
  {"id":24,"Author Name":"Dene Ethridge","Book Name":"Invisible Ghost","Pages":143,"Published Year":1995},
  {"id":25,"Author Name":"Shurlock Hemmingway","Book Name":"Nothing Lasts Forever ","Pages":158,"Published Year":2012},
  {"id":26,"Author Name":"Thadeus Scamadine","Book Name":"Wing and the Thigh, The (L'aile ou la cuisse)","Pages":210,"Published Year":2005},
  {"id":27,"Author Name":"Brandice Bowerbank","Book Name":"Naked Gun 33 1/3: The Final Insult","Pages":119,"Published Year":1993},
  {"id":28,"Author Name":"Lorrie Skilbeck","Book Name":"Ballad of Narayama, The (Narayama bushiko)","Pages":55,"Published Year":1985},
  {"id":29,"Author Name":"Gonzales Kaasman","Book Name":"Mahogany","Pages":133,"Published Year":2002},
  {"id":30,"Author Name":"Simone Moreing","Book Name":"Yellow Sky","Pages":284,"Published Year":2003},
  {"id":31,"Author Name":"Eddy Duberry","Book Name":"Suspended Animation","Pages":276,"Published Year":1987},
  {"id":32,"Author Name":"Jaquenette Pinches","Book Name":"Woodstock Diary","Pages":185,"Published Year":1992},
  {"id":33,"Author Name":"Deonne Chomley","Book Name":"Cimarron Kid, The","Pages":89,"Published Year":1994},
  {"id":34,"Author Name":"Kimbra Berntssen","Book Name":"Going the Distance","Pages":69,"Published Year":2007},
  {"id":35,"Author Name":"Rudyard Klemencic","Book Name":"New Rose Hotel","Pages":77,"Published Year":2000},
  {"id":36,"Author Name":"Tasha Spofford","Book Name":"Scooby-Doo! Camp Scare","Pages":156,"Published Year":2001},
  {"id":37,"Author Name":"Manda Braidon","Book Name":"Tyler Perry's Meet the Browns","Pages":198,"Published Year":2007},
  {"id":38,"Author Name":"Elfrida Valentino","Book Name":"Hollywood Ending","Pages":211,"Published Year":2012},
  {"id":39,"Author Name":"Terencio Jex","Book Name":"Roman","Pages":55,"Published Year":1999},
  {"id":40,"Author Name":"Gerik Joss","Book Name":"Mike Tyson:  Undisputed Truth","Pages":210,"Published Year":2012},
  {"id":41,"Author Name":"Ingaborg Hruska","Book Name":"I'm the One That I Want","Pages":299,"Published Year":2001},
  {"id":42,"Author Name":"Langsdon Krol","Book Name":"Dangerous Game","Pages":258,"Published Year":2004},
  {"id":43,"Author Name":"Brigitta Enns","Book Name":"8 (8, the Play)","Pages":44,"Published Year":2009},
  {"id":44,"Author Name":"Tiphanie Druhan","Book Name":"Striking Range","Pages":232,"Published Year":2002},
  {"id":45,"Author Name":"Manuel Parradye","Book Name":"Black Hand","Pages":84,"Published Year":1993},
  {"id":46,"Author Name":"Sonya Bees","Book Name":"Back to the Future","Pages":33,"Published Year":1987},
  {"id":47,"Author Name":"Aurlie McKilroe","Book Name":"Gods Must Be Crazy III, The (a.k.a. Crazy Safari) (Fei zhou he shang)","Pages":243,"Published Year":2007},
  {"id":48,"Author Name":"Davie Teissier","Book Name":"Unmade Beds","Pages":176,"Published Year":2004},
  {"id":49,"Author Name":"Myca Sterland","Book Name":"Story of My Life, The (Mensonges et trahisons et plus si affinités...)","Pages":211,"Published Year":1985},
  {"id":50,"Author Name":"Roshelle Causey","Book Name":"Farmer & Chase","Pages":135,"Published Year":2002},
  {"id":51,"Author Name":"Clo Janaszkiewicz","Book Name":"Plaza Suite","Pages":145,"Published Year":2006},
  {"id":52,"Author Name":"Rosette Feldmann","Book Name":"Paradise Alley","Pages":212,"Published Year":2002},
  {"id":53,"Author Name":"Antonius Pfiffer","Book Name":"Lost in Thailand (Ren zai jiong tu zhi tai jiong)","Pages":115,"Published Year":2012},
  {"id":54,"Author Name":"Constantin Kiddye","Book Name":"Lucia","Pages":128,"Published Year":1994},
  {"id":55,"Author Name":"Maddi Fuzzens","Book Name":"Gloria","Pages":269,"Published Year":1988},
  {"id":56,"Author Name":"Bronson Nisard","Book Name":"One Life","Pages":225,"Published Year":1995},
  {"id":57,"Author Name":"Kylie Matsell","Book Name":"Okie Noodling","Pages":143,"Published Year":2011},
  {"id":58,"Author Name":"Heriberto Le feuvre","Book Name":"Sunes sommar","Pages":141,"Published Year":1993},
  {"id":59,"Author Name":"Harriott McOnie","Book Name":"Four, The (Si da ming bu)","Pages":64,"Published Year":1997},
  {"id":60,"Author Name":"Kimberly Herculson","Book Name":"Goebbels Experiment, The (Das Goebbels Experiment)","Pages":239,"Published Year":2011},
  {"id":61,"Author Name":"Ty Casillis","Book Name":"ComDads (les Compères)","Pages":197,"Published Year":2010},
  {"id":62,"Author Name":"Nita Lequeux","Book Name":"Blind Date","Pages":20,"Published Year":2013},
  {"id":63,"Author Name":"Carmita Cantero","Book Name":"Naughty Girl","Pages":284,"Published Year":1997},
  {"id":64,"Author Name":"Maddalena Lazell","Book Name":"Longest Yard, The","Pages":186,"Published Year":2010},
  {"id":65,"Author Name":"Yetty Wilce","Book Name":"New Daughter, The","Pages":108,"Published Year":1990},
  {"id":66,"Author Name":"Valentina Haglington","Book Name":"Get Bruce","Pages":184,"Published Year":2005},
  {"id":67,"Author Name":"Emelita D'orsay","Book Name":"Ringu (Ring)","Pages":105,"Published Year":2003},
  {"id":68,"Author Name":"Ricki McCluin","Book Name":"Marley & Me: The Puppy Years","Pages":68,"Published Year":1963},
  {"id":69,"Author Name":"Suzie Cancellario","Book Name":"First Grader, The","Pages":281,"Published Year":1988},
  {"id":70,"Author Name":"Yelena Gascoine","Book Name":"Beware the Moon: Remembering 'An American Werewolf in London'","Pages":84,"Published Year":2004},
  {"id":71,"Author Name":"Roda Baulch","Book Name":"Keep the Lights On","Pages":264,"Published Year":2012},
  {"id":72,"Author Name":"Gwennie Donaho","Book Name":"Sidewalks of New York","Pages":245,"Published Year":2009},
  {"id":73,"Author Name":"Eldon Klyn","Book Name":"Redwood Highway","Pages":163,"Published Year":2002},
  {"id":74,"Author Name":"Judy Micco","Book Name":"Prowl","Pages":271,"Published Year":2003},
  {"id":75,"Author Name":"Gussi Boggs","Book Name":"Fear and Loathing in Las Vegas","Pages":44,"Published Year":2002},
  {"id":76,"Author Name":"Jillene Sevier","Book Name":"Phone Call from a Stranger","Pages":100,"Published Year":1998},
  {"id":77,"Author Name":"Windham Musgrove","Book Name":"Princess Blade, The (Shura Yukihime)","Pages":33,"Published Year":2008},
  {"id":78,"Author Name":"Keefer Durkin","Book Name":"Sound of Redemption: The Frank Morgan Story","Pages":160,"Published Year":2006},
  {"id":79,"Author Name":"Ianthe Seiler","Book Name":"Futurama: The Beast with a Billion Backs","Pages":194,"Published Year":1996},
  {"id":80,"Author Name":"Hester Arrigo","Book Name":"Cornelis","Pages":43,"Published Year":2006},
  {"id":81,"Author Name":"Dianne Brood","Book Name":"The Skinny","Pages":48,"Published Year":2012},
  {"id":82,"Author Name":"Germaine York","Book Name":"Jönssonligan på Mallorca","Pages":151,"Published Year":1989},
  {"id":83,"Author Name":"Mercie Mugleston","Book Name":"Peach Thief, The (Kradetzat na praskovi)","Pages":208,"Published Year":2006},
  {"id":84,"Author Name":"Marge Brunning","Book Name":"Polite People (Kurteist fólk)","Pages":172,"Published Year":2011},
  {"id":85,"Author Name":"Shannan Clymer","Book Name":"Raisin in the Sun, A","Pages":142,"Published Year":2004},
  {"id":86,"Author Name":"Erl Eastope","Book Name":"Clean Slate","Pages":15,"Published Year":1992},
  {"id":87,"Author Name":"Joli Reuble","Book Name":"Space","Pages":55,"Published Year":2012},
  {"id":88,"Author Name":"Larissa Van Dale","Book Name":"Stepfather, The","Pages":99,"Published Year":2002},
  {"id":89,"Author Name":"Amandy Mucklow","Book Name":"Letters from Iwo Jima","Pages":274,"Published Year":2002},
  {"id":90,"Author Name":"Jana Corbishley","Book Name":"Griff the Invisible","Pages":260,"Published Year":2004},
  {"id":91,"Author Name":"Cindee Willmott","Book Name":"Played","Pages":190,"Published Year":1989},
  {"id":92,"Author Name":"Cirilo Sommerville","Book Name":"Zombie Apocalypse","Pages":195,"Published Year":2013},
  {"id":93,"Author Name":"Marv Josofovitz","Book Name":"Murphy's Romance","Pages":292,"Published Year":2011},
  {"id":94,"Author Name":"Modesty Buche","Book Name":"The Haunted House","Pages":54,"Published Year":2005},
  {"id":95,"Author Name":"Concordia Dando","Book Name":"American Rhapsody, An","Pages":134,"Published Year":1994},
  {"id":96,"Author Name":"Philippa Sallows","Book Name":"Creep","Pages":171,"Published Year":2001},
  {"id":97,"Author Name":"Patric Schnitter","Book Name":"Patch Adams","Pages":98,"Published Year":2013},
  {"id":98,"Author Name":"Monte Willcox","Book Name":"Hell Without Limits (Lugar sin límites, El)","Pages":262,"Published Year":2010},
  {"id":99,"Author Name":"Thalia Menhci","Book Name":"Pretty Woman","Pages":129,"Published Year":1995},
  {"id":100,"Author Name":"Betty Lethibridge","Book Name":"The Pirates","Pages":220,"Published Year":1992}]